{
  "templateId": "eny_0052_palesent",
  "name": "白垩界卫",
  "icon": "/public/images/enemy/monstericon/eny_0052_palesent.png",
  "iconbig": "/public/images/enemy/monstericonbig/eny_0052_palesent.png",
  "enemyTag": "",
  "rarity": 6,
  "技能描述": [
    "苏醒后的白垩界卫可以从宇宙中召唤无数锚点砸向大地，只有躲避这些攻击，才能找到反击的机会。"
  ],
  "描述": "未归档。因形成特征，推定为天使。形成模式模仿聂菲斯的外形，核心能量指示值高，但表现出不稳定性。",
  "处决承伤系数": 1.75,
  "寒冷承伤系数": 1,
  "灼热承伤系数": 1,
  "失衡值上限": 320.0,
  "自然承伤系数": 1,
  "普通攻击范围": 12.0,
  "物理承伤系数": 1,
  "失衡恢复时间": 11.0,
  "电磁承伤系数": 1,
  "重量": 2.0,
  "对塔攻击值": 0.0,
  "处决技力回复": 100.0,
  "初始护甲": 30,
  "最大韧性": 65.0,
  "回弹系数": 0.0,
  "受伤韧性降低": 0.0,
  "韧性完全回复时长": 0.0,
  "韧性回复值": 0.0,
  "韧性回复间隔": 0.0,
  "韧性归零时护甲值": 0,
  "失衡时护甲值": 30,
  "失衡节点": "0.33000001311302185,0.6600000262260437",
  "变种": [
    {
      "enemyId": "eny_0052_palesent",
      "templateId": "eny_0052_palesent",
      "attrModifiers": "",
      "最大生命值": [
        4430.0,
        5056.0,
        5719.0,
        6419.0,
        7158.0,
        8402.0,
        9783.0,
        11309.0,
        12989.0,
        14831.0,
        15872.0,
        16932.0,
        18826.0,
        20836.0,
        22962.0,
        25203.0,
        27561.0,
        28963.0,
        30374.0,
        31794.0,
        34970.0,
        38394.0,
        42080.0,
        46045.0,
        50305.0,
        54878.0,
        59784.0,
        65493.0,
        71643.0,
        78261.0,
        88287.0,
        97154.0,
        106789.0,
        117250.0,
        128599.0,
        140904.0,
        154236.0,
        168670.0,
        184289.0,
        201179.0,
        217731.0,
        235351.0,
        254091.0,
        274003.0,
        295142.0,
        317564.0,
        341326.0,
        366489.0,
        393112.0,
        421260.0,
        458744.0,
        488238.0,
        519395.0,
        552304.0,
        587055.0,
        623746.0,
        662477.0,
        703355.0,
        746494.0,
        792012.0,
        840505.0,
        888971.0,
        941729.0,
        994388.0,
        1049431.0,
        1104098.0,
        1163467.0,
        1222368.0,
        1292852.0,
        1368841.0,
        1419390.0,
        1468018.0,
        1520943.0,
        1571836.0,
        1627191.0,
        1680400.0,
        1738239.0,
        1793815.0,
        1854192.0,
        1905141.0,
        1994038.0,
        2085895.0,
        2180775.0,
        2278741.0,
        2379855.0,
        2484182.0,
        2591787.0,
        2702735.0,
        2817091.0,
        2934923.0,
        3006801.0,
        3079812.0,
        3153964.0,
        3229266.0,
        3279087.0,
        3329286.0,
        3379863.0,
        3430819.0,
        3482154.0,
        3533869.0
      ],
      "攻击力": [
        78.0,
        90.0,
        102.0,
        114.0,
        127.0,
        140.0,
        154.0,
        168.0,
        182.0,
        197.0,
        212.0,
        228.0,
        244.0,
        261.0,
        278.0,
        295.0,
        313.0,
        331.0,
        350.0,
        369.0,
        390.0,
        411.0,
        433.0,
        455.0,
        478.0,
        501.0,
        524.0,
        549.0,
        573.0,
        598.0,
        649.0,
        696.0,
        744.0,
        794.0,
        847.0,
        903.0,
        960.0,
        1020.0,
        1083.0,
        1148.0,
        1216.0,
        1287.0,
        1360.0,
        1436.0,
        1516.0,
        1598.0,
        1683.0,
        1771.0,
        1863.0,
        1958.0,
        2065.0,
        2166.0,
        2271.0,
        2379.0,
        2491.0,
        2561.0,
        2632.0,
        2704.0,
        2776.0,
        2850.0,
        2930.0,
        3008.0,
        3090.0,
        3171.0,
        3255.0,
        3338.0,
        3424.0,
        3510.0,
        3601.0,
        3691.0,
        3751.0,
        3809.0,
        3870.0,
        3928.0,
        3989.0,
        4048.0,
        4109.0,
        4168.0,
        4230.0,
        4289.0,
        4351.0,
        4413.0,
        4475.0,
        4537.0,
        4599.0,
        4662.0,
        4725.0,
        4788.0,
        4851.0,
        4914.0,
        4975.0,
        5035.0,
        5096.0,
        5157.0,
        5213.0,
        5270.0,
        5326.0,
        5383.0,
        5440.0,
        5497.0
      ],
      "防御力": [
        100.0,
        100.0,
        100.0,
        100.0,
        100.0,
        100.0,
        100.0,
        100.0,
        100.0,
        100.0,
        100.0,
        100.0,
        100.0,
        100.0,
        100.0,
        100.0,
        100.0,
        100.0,
        100.0,
        100.0,
        100.0,
        100.0,
        100.0,
        100.0,
        100.0,
        100.0,
        100.0,
        100.0,
        100.0,
        100.0,
        100.0,
        100.0,
        100.0,
        100.0,
        100.0,
        100.0,
        100.0,
        100.0,
        100.0,
        100.0,
        100.0,
        100.0,
        100.0,
        100.0,
        100.0,
        100.0,
        100.0,
        100.0,
        100.0,
        100.0,
        100.0,
        100.0,
        100.0,
        100.0,
        100.0,
        100.0,
        100.0,
        100.0,
        100.0,
        100.0,
        100.0,
        100.0,
        100.0,
        100.0,
        100.0,
        100.0,
        100.0,
        100.0,
        100.0,
        100.0,
        100.0,
        100.0,
        100.0,
        100.0,
        100.0,
        100.0,
        100.0,
        100.0,
        100.0,
        100.0,
        100.0,
        100.0,
        100.0,
        100.0,
        100.0,
        100.0,
        100.0,
        100.0,
        100.0,
        100.0,
        100.0,
        100.0,
        100.0,
        100.0,
        100.0,
        100.0,
        100.0,
        100.0,
        100.0,
        100.0
      ]
    }
  ]
}